z_in,beta_C1_over_betao
0.0,0.0
0.2,0.0006466482760320208
0.4,0.0013376262771054711
0.6,0.0020895029411137005
0.8,0.002978832423289063
1.0,0.00395487219962424
1.2,0.00499482245933158
1.4,0.006030405712105999
1.6,0.006893831326751433
1.8,0.007678051145266079
2.0,0.008540856434440554
2.2,0.009287751713624112
2.4,0.010032213811059329
2.6,0.01079213940180262
2.8,0.011599380591250014
3.0,0.01256524170589669
3.2,0.01396701823771504
3.4,0.015465065700925214
3.6,0.016757442119974767
3.8,0.01803836270780233
4.0,0.019484847681677086
4.2,0.020873096940059614
4.4,0.02229418598918547
4.6,0.0237839164962441
4.8,0.025277649358508906
5.0,0.026936446236047143
5.2,0.028997270754880556
5.4,0.031107687681575024
5.6,0.03294422589073984
5.8,0.03474572851357802
6.0,0.03670938751416766
6.2,0.038592102721505955
6.4,0.04047299873732605
6.6,0.04240497880574756
6.8,0.04435160093116794
7.0,0.04645015679220122
7.2,0.04887318112499129
7.4,0.051309715426807304
7.6,0.05349560937490244
7.8,0.05563035318810418
8.0,0.057897691969554466
8.2,0.06010451558107659
8.4,0.06227878873170702
8.6,0.06448851148411032
8.8,0.0667721027380326
9.0,0.06918279138082671
9.2,0.07175733003955376
9.4,0.07430617563828046
9.6,0.07666863626635065
9.8,0.07896352194684267
10.0,0.08135196376919708
10.2,0.08371851399866967
10.4,0.08601405574814609
10.6,0.08832922534582917
10.8,0.09079733008432216
11.0,0.09336128411407553
11.2,0.09589388044571513
11.4,0.09836452320757076
11.6,0.10072848778960802
11.8,0.10300863117772625
12.0,0.10534261576149004
12.2,0.10769558977662608
12.4,0.10993774690386411
12.6,0.11218358405092278
12.8,0.11465527949711674
13.0,0.1171870622290714
13.2,0.1195091697526033
13.4,0.12173828869293042
13.6,0.12393063083504406
13.8,0.12602327455791315
14.0,0.1281363135568385
14.2,0.13029622588230283
14.4,0.1323113563784757
14.6,0.13431429553990124
14.8,0.13658417004204795
15.0,0.13887676762344142
15.2,0.140848856209343
15.4,0.14270650217016104
15.6,0.1445628007148466
15.8,0.14630458004131894
16.0,0.148046802670984
16.2,0.14982768651224362
16.4,0.15145332880145393
16.6,0.1530516124332452
16.8,0.1549005462373021
17.0,0.156740715533487
17.2,0.1582568362800835
17.4,0.15965671976242918
17.6,0.16101097372012488
17.8,0.1622233370159945
18.0,0.16337586556774847
18.2,0.16434124643803494
18.4,0.1651748218667807
18.6,0.16600476618148954
18.8,0.16702752974126878
19.0,0.1681067169798317
19.2,0.16914010611255229
19.4,0.17015028872382507
19.6,0.17105169193333575
19.8,0.17187474141334164
20.0,0.1727287190407187
20.2,0.17353943572225264
20.4,0.1743344018910896
20.6,0.17514891518684159
20.8,0.1760592671642864
21.0,0.17712202478763245
21.2,0.17857541315332165
21.4,0.18012012383240095
21.6,0.18149432767239418
21.8,0.182853028458844
22.0,0.1843541139791326
22.2,0.18582875109593186
22.4,0.18731611197785641
22.6,0.18886789051654268
22.8,0.19045086003880027
23.0,0.19218955792400652
23.2,0.19426899992175228
23.4,0.19639314389964618
23.6,0.1982690002528455
23.8,0.20010707417358092
24.0,0.2020977163227227
24.2,0.20402096670277817
24.4,0.20593326224089034
24.6,0.20789445335037396
24.8,0.2098903510127576
25.0,0.2120328161979749
25.2,0.21445605960373088
25.4,0.2168901315508156
25.6,0.21909199857667844
25.8,0.2212408722934961
26.0,0.22351647768258115
26.2,0.22573925671530112
26.4,0.2279241497893259
26.6,0.23014298909719014
26.8,0.23245046252156212
27.0,0.2348815760260486
27.2,0.2374444404343718
27.4,0.2399796350954136
27.6,0.24234212410625677
27.8,0.24463574953426173
28.0,0.24701869518101915
28.2,0.24938536168475017
28.4,0.25167733182251356
28.6,0.25398794520077705
28.8,0.2564633206665993
29.0,0.2590323909464799
29.2,0.26154479372302414
29.4,0.2639937497128156
29.6,0.26634719251015126
29.8,0.26861603109668436
30.0,0.27093540868704935
30.2,0.27327879556930357
30.4,0.2755086117148772
30.6,0.27774162431751276
30.8,0.2802110521664646
31.0,0.28273936437858016
31.2,0.2850363628888525
31.4,0.28723938044984937
31.6,0.2894157532234461
31.8,0.29149215267184525
32.0,0.29358623381541615
32.2,0.29573240759851294
32.4,0.29773162701406675
32.6,0.29971867079724784
32.8,0.3019826763187672
33.0,0.3042688462073442
33.2,0.30621527918771446
33.4,0.30804685580701835
33.6,0.3098866687313575
33.8,0.31161214176407853
34.0,0.31333547885895374
34.2,0.31510349981785235
34.4,0.3167142120675551
34.6,0.3182979036775717
34.8,0.320141129476238
35.0,0.3219749836631221
35.2,0.3234689792696116
35.4,0.32484701775442076
35.6,0.3261879787656343
35.8,0.3273886054439283
36.0,0.32852942765208787
36.2,0.3294975429807306
36.4,0.33033270529103176
36.6,0.33116504828969223
36.8,0.33219601399863424
37.0,0.33328247896371876
37.2,0.3343127521343446
37.4,0.3353196808843879
37.6,0.33622267971122693
37.8,0.33704727118339034
38.0,0.337900983239563
38.2,0.33871560205276563
38.4,0.33951210739915844
38.6,0.3403281538721503
38.8,0.3412432613647305
39.0,0.342310254797445
39.2,0.3437616343353412
39.4,0.34530461616874597
39.6,0.3466796193317482
39.8,0.34803902326129427
40.0,0.34953999347256076
40.2,0.35101608601135076
40.4,0.3525039814892357
40.6,0.35405623451835216
40.8,0.3556406286979648
41.0,0.35738049949586476
41.2,0.35945926039251047
41.4,0.3615831854548534
41.6,0.3634595036243066
41.8,0.365298063862644
42.0,0.3672891875703733
42.2,0.3692131257374931
42.4,0.37112591736283845
42.6,0.3730876164898391
42.8,0.3750837512937306
43.0,0.3772265010675838
43.2,0.379650586207286
43.4,0.3820859567480807
43.6,0.3842887187702526
43.8,0.3864385310887826
44.0,0.3887153440873529
44.2,0.39093898112838515
44.4,0.3931248025778342
44.6,0.39534458719275367
44.8,0.3976521078872299
45.0,0.4000834230615241
45.2,0.40264821588080174
45.4,0.40518568538036887
45.6,0.4075495225531761
45.8,0.4098445285759026
46.0,0.41222918740225256
46.2,0.4145970404008042
46.4,0.4168903381018689
46.6,0.4192022855231666
46.8,0.4216779196066607
47.0,0.42424742580827485
47.2,0.4267622767100103
47.4,0.4292138963088283
47.6,0.4315689692076858
47.8,0.4338394523313018
48.0,0.4361607756193467
48.2,0.43850560341475026
48.4,0.4407369763957984
48.6,0.4429715366048921
48.8,0.44544155645737277
49.0,0.44797060598496635
49.2,0.45027006776880013
49.4,0.4524756327173184
49.6,0.4546536784068123
49.8,0.45673174305517794
50.0,0.45882770471565726
50.2,0.46097538892926226
50.4,0.4629761518110928
50.6,0.46496470850240657
50.8,0.4672295436676847
51.0,0.46951661142834983
51.2,0.4714650901127152
51.4,0.4732986661467437
51.6,0.47513988757453907
51.8,0.4768667300690039
52.0,0.47859151513401105
52.2,0.48036082192021407
52.4,0.4819727208039931
52.6,0.48355753136069024
52.8,0.4854014814486837
53.0,0.4872360010068806
53.2,0.48873115223609204
53.4,0.49011015443135497
53.6,0.4914517314088149
53.8,0.4926528647011802
54.0,0.4937939294301444
54.2,0.49476207877458256
54.4,0.495597059219472
54.6,0.4964292180574188
54.8,0.497459879214925
55.0,0.4985459707763969
55.2,0.4995762128831562
55.4,0.5005830081544872
55.6,0.5014857526261852
55.8,0.5023101003145135
56.0,0.5031632408452718
56.2,0.5039778515727552
56.4,0.5047741506565232
56.6,0.505590039754558
56.8,0.5065049207852439
57.0,0.5075717606520308
57.2,0.5090237790218374
57.4,0.5105674410000679
57.6,0.5119430146205115
57.8,0.5133029607978371
58.0,0.5148042571085631
58.2,0.5162809188877233
58.4,0.5177691779168898
58.6,0.5193217410698536
58.8,0.5209063286394708
59.0,0.5226463165372255
59.2,0.5247252839564917
59.4,0.5268493587294418
59.6,0.5287257775107093
59.8,0.5305644299779303
60.0,0.5325555984872451
60.2,0.5344796317393713
60.4,0.5363924768902041
60.6,0.538354215158628
60.8,0.5403503143037766
61.0,0.5424929846800411
61.2,0.5449170870174267
61.4,0.54735245913307
61.6,0.5495551893846918
61.8,0.5517049742332908
62.0,0.5539817556432696
62.2,0.5562053500243833
62.4,0.5583911286428119
62.6,0.5606108622278548
62.8,0.562918214670434
63.0,0.5653493144784881
63.2,0.5679140981873246
63.4,0.5704515614509771
63.6,0.5728153049911682
63.8,0.5751102242524984
64.0,0.5774948173596247
64.2,0.579862543312969
64.4,0.5821557377975287
64.6,0.5844675744270584
64.8,0.5869428684548632
65.0,0.5895119789813474
65.2,0.5920268786618635
65.4,0.5944785701995549
65.6,0.5968335048076785
65.8,0.5991038565853197
66.0,0.6014251024163607
66.2,0.6037697148900402
66.4,0.6060009281704848
66.6,0.608235319520689
66.8,0.6107047528399137
67.0,0.61323315210614
67.2,0.6155327937550666
67.4,0.6177385870773318
67.6,0.6199164507508813
67.8,0.6219943382049887
68.0,0.624090219693492
68.2,0.6262375762091917
68.4,0.6282381096078237
68.6,0.6302264232469289
68.8,0.6324903241397923
69.0,0.634776385843746
69.2,0.6367252358575255
69.4,0.6385592590982918
69.6,0.6404002281854351
69.8,0.6421268151603664
70.0,0.6438514784243526
70.2,0.6456202877267644
70.4,0.6472318227376633
70.6,0.6488162393330839
70.8,0.6506587249817095
71.0,0.6524916775224877
71.2,0.6539873667785547
71.4,0.6553670022351749
71.6,0.6567081315506118
71.8,0.6579088355305637
72.0,0.6590497466754796
72.2,0.6600175462060779
72.4,0.6608524143941541
72.6,0.6616844955169081
72.8,0.6627136194502458
73.0,0.6637981320120486
73.2,0.664829799207192
73.4,0.6658381608469953
73.6,0.6667410119689708
73.8,0.6675654860942063
74.0,0.6684191858719738
74.2,0.66923350219343
74.4,0.6700298323875425
74.6,0.6708457100778319
74.8,0.6717585839475196
75.0,0.6728231116109896
75.2,0.6742756771121969
75.4,0.6758197538053894
75.6,0.6771936423993623
75.8,0.6785517863525323
76.0,0.6800516858403203
76.2,0.6815256383704835
76.4,0.6830117396229275
76.6,0.6845620772041673
76.8,0.6861418380802733
77.0,0.6878769386376119
77.2,0.6899561308886794
77.4,0.692080688397644
77.6,0.6939549338123977
77.8,0.6957913739157454
78.0,0.6977808362749356
78.2,0.6997016619503134
78.4,0.7016119796331638
78.6,0.7035711490266787
78.8,0.7055613935890054
79.0,0.7076982485753833
79.2,0.7101230765553774
79.4,0.712559570634602
79.6,0.7147600761085543
79.8,0.7169076311695515
80.0,0.7191828619738523
80.2,0.7214030941816802
80.4,0.7235863689799641
80.6,0.7258035901939923
80.8,0.7281044329700344
81.0,0.7305291879808248
81.2,0.7330956412178032
81.4,0.7356353131869742
81.6,0.737997198326836
81.8,0.7402902810461635
82.0,0.7426738960498931
82.2,0.7450384833561277
82.4,0.7473295840850515
82.6,0.749639342207991
82.8,0.7521078797445386
83.0,0.7546705378674309
83.2,0.7571883599738815
83.4,0.7596436290503873
83.6,0.7619973976241483
83.8,0.7642666195681288
84.0,0.7665877467615471
84.2,0.7689297521630231
84.4,0.7711595671055872
84.6,0.773392588411833
84.8,0.7758554463585976
85.0,0.778377730186026
85.2,0.7806816215925964
85.4,0.7828923899202495
85.6,0.7850699850842557
85.8,0.7871476431933173
86.0,0.7892444148505808
86.2,0.7913899205110443
86.4,0.793389932586248
86.6,0.7953777594446595
86.8,0.7976357797280336
87.0,0.7999166029406627
87.2,0.8018708351660507
87.4,0.8037109765517048
87.6,0.8055527081574255
87.8,0.8072801060352318
88.0,0.809006828139739
88.2,0.8107747893782805
88.4,0.8123869288496014
88.6,0.8139720387747796
88.8,0.8158103232667466
89.0,0.817640062521084
89.2,0.8191421201942297
89.4,0.8205288016872611
89.6,0.821872178479303
89.8,0.823074950694881
90.0,0.8242185599941353
90.2,0.8251840844575374
90.4,0.8260177581299436
90.6,0.826848337574438
90.8,0.8278721165122244
91.0,0.8289520482547105
91.2,0.8299857010166602
91.4,0.8309964097902187
91.6,0.8318979162415894
91.8,0.8327208634158404
92.0,0.8335731963183539
92.2,0.8343846574133014
92.4,0.8351786310171518
92.6,0.835992102845858
92.8,0.83690072745044
93.0,0.8379634125096919
93.2,0.8394251757662384
93.4,0.840982130846085
93.6,0.8423690564481728
93.8,0.8437417426851677
94.0,0.8452574898023932
94.2,0.8467484305138245
94.4,0.8482518398464804
94.6,0.8498203022957637
94.8,0.8514174032488723
95.0,0.8531704733553273
95.2,0.8552714219149321
95.4,0.8574189308357004
95.6,0.8593148087129838
95.8,0.8611733133774493
96.0,0.8631858046609424
96.2,0.865129094991522
96.4,0.8670620835190032
96.6,0.8690440356618789
96.8,0.8710534523043388
97.0,0.8732091128287316
97.2,0.8756603876123441
97.4,0.8781241426301092
97.6,0.8803474958765043
97.8,0.8825175664854478
98.0,0.884816238981665
98.2,0.8870569699742203
98.4,0.8892609365965812
98.6,0.8914981734449096
98.8,0.8938117451350168
99.0,0.8962482409694607
99.2,0.8988390586804702
99.4,0.9014031954131616
99.6,0.9037815531154748
99.8,0.9060899739023225
100.0,0.9084897209738473
100.2,0.9108652343216035
100.4,0.9131673519510405
100.6,0.9154866402138917
100.8,0.9179546459179754
101.0,0.920515434862997
101.2,0.9230468209241024
101.4,0.9255145423570048
101.6,0.9278703624660977
101.8,0.9301396433111747
102.0,0.9324609618301193
102.2,0.9347967067258331
102.4,0.9370197583814528
102.6,0.9392436735747849
102.8,0.9416872468593698
103.0,0.9441886994544125
103.2,0.9464842655177229
103.4,0.9486836243905586
103.6,0.950839891940807
103.8,0.9528932557887005
104.0,0.9549639129982672
104.2,0.9570780652348697
104.4,0.9590444429579614
104.6,0.9609953365085289
104.8,0.9632106854429494
105.0,0.9654469787766129
105.2,0.9673566862284325
105.4,0.969146054706119
105.6,0.9709320636878075
105.8,0.9725995428786726
106.0,0.9742591008079882
106.2,0.9759624339422657
106.4,0.9775020019777108
106.6,0.9790097353926941
106.8,0.9807749675263369
107.0,0.9825267683144709
107.2,0.9839271200909768
107.4,0.985198270993691
107.6,0.9864324829768614
107.8,0.9875206388983865
108.0,0.9885361347215204
108.2,0.989421911607238
108.4,0.990154082977991
108.6,0.9908854117375949
108.8,0.991842839560085
109.0,0.9928509267936668
109.2,0.993752136712626
109.4,0.9946057769870673
109.6,0.995393248087726
109.8,0.9961063853439055
110.0,0.9968440752875101
110.2,0.9975877213945654
110.4,0.9982517742795124
110.6,0.9988938940425877
110.8,0.9994944755311007
111.0,1.0
